{"paths":{"0":["effects/builtin-2d-graphics",0],"1":["effects/builtin-2d-gray-sprite",0],"2":["effects/builtin-2d-label",0],"3":["effects/builtin-2d-spine",0],"4":["effects/builtin-2d-sprite",0],"5":["effects/builtin-3d-trail",0],"6":["effects/builtin-clear-stencil",0],"7":["effects/builtin-unlit",0],"8":["materials/builtin-2d-base",1],"9":["materials/builtin-2d-graphics",1],"10":["materials/builtin-2d-gray-sprite",1],"11":["materials/builtin-2d-label",1],"12":["materials/builtin-2d-spine",1],"13":["materials/builtin-2d-sprite",1],"14":["materials/builtin-3d-trail",1],"15":["materials/builtin-clear-stencil",1],"16":["materials/builtin-unlit",1]},"types":["cc.EffectAsset","cc.Material"],"uuids":["30aC+Hnw1PF4pEcoY3kUYb","14TDKXr2NJ6LjvHPops74o","f1h0LXVtJOta5JLZ1xCzfI","0ek66qC1NOQLjgYmi04HvX","28dPjdQWxEQIG3VVl1Qm6T","2afAA24LNP4YmYiaVLiivs","c0BAyVxX9JzZy8EjFrc9DU","6dkeWRTOBGXICfYQ7JUBnG","6fgBCSDDdPMInvyNlggls2","a1U5RdJRFMFL57BdJC9H1X","3ae7efMv1CLq2ilvUY/tQi","e0LYfU5ZlNFoAB4UiRrGUG","7a/QZLET9IDreTiBfRn2PD","ecpdLyjvZBwrvm+cedCcQy","46bU+b5fROqIXVPG6aZWWK","cffgu4qBxEqa150o1DmRAy","2aKWBXJHxKHLvrBUi2yYZQ","02delMVqdBD70a/HSD99FK"],"scenes":{},"redirect":[],"deps":[],"packs":{"0967b326a":[17,3,1,4,16,5,0,10,14,7,8,12,9,6,15,11,13,2]},"name":"internal","importBase":"import","nativeBase":"native","debug":false,"isZip":false,"encrypted":false,"versions":{"import":["0967b326a","1f618"],"native":[17,"cea68"]}}