[1,["ecpdLyjvZBwrvm+cedCcQy","c6QdW436xPmZldEFnmQ755","f0BIwQ8D5Ml7nTNQbh1YlS","9bvaMerUlDyary99mJa6xp","7a/QZLET9IDreTiBfRn2PD","1eiGstbfBJSJBcCqgzGWd8","04m9kSMrFKAaVfC+N/0MB+","02lOjtgahKV4BkXcAJYbSg","e8eaCY9stMM6nd8cZQYMQ5","9cnvNQFKtDwos64aycb4Zy","4b/B+t3CZNG7twbIfFcwA7","c7wVbKTSpLPaoxY6zczqqJ","a2MjXRFdtLlYQ5ouAFv/+R","71VhFCTINJM6/Ky3oX9nBT","09U4jPErJF/LUzqWFd9e3J","45LDcQLO5FDJdGptz/S5rH","57oCaVqKdOJJihWs1Jqrt0","18cmHebbNO8Kh67WKoCsuH","d8HsitJHxOYqo801xBk8ev","eaJdVeFjZCSI5lWXsl+tt0","02delMVqdBD70a/HSD99FK","3d8nMob59EDI8hOpkCW3w5","70p4lrwSpEFqWQG+SECSIn","b4P/PCArtIdIH38t6mlw8Y","e97GVMl6JHh5Ml5qEDdSGa","29FYIk+N1GYaeWH/q1NxQO","14KrjoBFRJBJRpa68UP+Py","d1Xd+M+xZKvI4tTAjYL3N1","ff+LVVEVlCp5BZ4lHPaNr8","289FXIPDFGxKtbKRrbWYsI","f9fe1TXIBHH4o+gFbKKPU7","36z3yDWRtLSZTaV3++mktM","59Se7ZyVFLv5l7MqAaYI7d","24C8djQ5dBBZrN7fl+/cnk","d14xz2ELRDT53lSjdFEU0Z","9cfv9jAWZPw7q5L0zUQVUX","e8Ueib+qJEhL6mXAHdnwbi","e6hIa+31NI0JfLhbAc36s8"],["node","_spriteFrame","_textureSetter","root","data","_N$file","_N$target","_parent","nLoading","nFaded","_N$skeletonData","lbMessage","spBubble","nActionContainerSmall","lbContent_Small","nBig","nSmall","nActionContainer","nCustomView","lbContent","lbTitle","lbAction","nLayerMiniGame","nWidgetShowJackpot","nMiniGames","scene","_N$normalSprite","_N$pressedSprite","_N$hoverSprite","_N$disabledSprite","WAITING_LAYOUT","BUTTON_COMMON","FADED_BACKGROUND","FADED_BACKGROUND_FADED","CENTER_NOTIFICATION","TEXT_FLY","POPUP_COMMON","TOOLTIP_MESSAGE","listFontCommon"],[["cc.Node",["_name","_objFlags","_active","_opacity","_id","_contentSize","_components","_prefab","_parent","_children","_trs","_color","_anchorPoint"],-2,5,9,4,1,2,7,5,5],"cc.SpriteFrame","cc.Texture2D",["cc.Label",["_string","_N$horizontalAlign","_N$verticalAlign","_isSystemFontUsed","_fontSize","_lineHeight","_styleFlags","_N$cacheMode","_N$overflow","_enableWrapText","node","_materials","_N$file"],-7,1,3,6],["cc.Layout",["_resize","_N$layoutType","_N$paddingTop","_N$paddingBottom","_N$paddingLeft","_N$paddingRight","_N$spacingY","_N$spacingX","node","_layoutSize"],-5,1,5],["cc.Sprite",["_sizeMode","_type","_name","node","_materials","_spriteFrame"],0,1,3,6],["cc.Button",["_N$transition","zoomScale","_enabled","node","_N$target","clickEvents","_N$normalColor","_N$pressedColor","_N$disabledColor","_N$normalSprite","_N$pressedSprite","_N$hoverSprite","_N$disabledSprite"],0,1,1,9,5,5,5,6,6,6,6],["3f121i5KA9Pwr7nSnv0oxa/",["fontSizeActive","isUseCCFont","textKey","upperCaseString","_localizedString","node","lbFont"],-2,1,9],["LabelFontSet",["language","fontSize"],1],["cc.Node",["_name","_parent","_components","_prefab","_contentSize","_trs","_children","_anchorPoint","_color"],2,1,12,4,5,7,2,5,5],["cc.Widget",["_alignFlags","alignMode","_originalWidth","_originalHeight","node"],-1,1],["cc.PrefabInfo",["fileId","root"],2,1],["sp.Skeleton",["_name","defaultSkin","defaultAnimation","_preCacheMode","premultipliedAlpha","_animationName","node","_materials","_N$skeletonData"],-3,1,3,6],["cc.TTFFont",["_name","_native"],1],["cc.Prefab",["_name"],2],["cc.Node",["_name","_parent","_components","_prefab","_color","_contentSize","_trs"],2,1,2,4,5,5,7],["eadffzSZzdO+KkgOXSaKZBe",["node","nFaded","nLoading"],3,1,1,1],["bd03bTob9tOAYQmoYOj377n",["showAtTarget","node","spBubble","lbMessage"],2,1,1,1],["f08fe9yX5BCq4keohrUs7Wh",["node","lbTitle","lbContent","nCustomView","nActionContainer","nSmall","nBig","lbContent_Small","nActionContainerSmall"],3,1,1,1,1,1,1,1,1,1],["cc.ClickEvent",["_componentId","handler","target"],1,1],["sp.SkeletonData",["_name","_atlasText","textureNames","_skeletonJson","textures"],-1,3],["58361a529dG1LTx1JYiJ4GA",["node","listSprite","lbAction"],3,1,3,1],["cc.SceneAsset",["_name","asyncLoadAssets"],1],["cc.Canvas",["node","_designResolution"],3,1,5],["d6570HA0PpN+42el5D4GKmQ",["node","WAITING_LAYOUT","BUTTON_COMMON","FADED_BACKGROUND","FADED_BACKGROUND_FADED","CENTER_NOTIFICATION","TEXT_FLY","POPUP_COMMON","TOOLTIP_MESSAGE"],3,1,6,6,6,6,6,6,6,6],["bf59c/u3uZHebYRjv7AEd5R",["gameName","node","nMiniGames","nWidgetShowJackpot","nLayerMiniGame","listFontLanguage","listFontCommon"],2,1,1,1,1,3,6],["7f69doihNlCKoMdkrMMlnHu",["node"],3,1],["cc.Scene",["_name","_active","_children","_anchorPoint","_trs"],1,2,5,7],["cc.Camera",["_clearFlags","_depth","node"],1,1],["33835FdSiNMLbniOKoxQEKX",["node"],3,1],["cc.BlockInputEvents",["node"],3,1]],[[11,0,1,2],[8,0,2],[14,0,2],[11,1,1],[0,0,8,6,7,5,10,2],[8,1],[13,0,1,3],[10,1,0,4,3],[5,1,0,3,4,5,3],[19,0,1,2,3],[8,0,1,3],[0,0,9,6,7,5,10,2],[9,0,1,2,3,4,5,2],[10,1,0,2,3,4,5],[5,2,1,0,3,4,5,4],[0,0,3,6,7,11,5,10,3],[0,0,2,8,9,6,5,10,3],[0,0,1,8,6,11,5,3],[0,0,8,6,2],[0,0,1,8,3],[5,0,3,4,5,2],[5,3,4,5,1],[4,0,1,7,8,9,4],[3,0,4,9,1,2,8,7,10,11,8],[6,1,0,3,5,6,4,3],[7,1,0,2,3,4,5,6,6],[7,0,5,6,2],[0,0,3,8,6,7,11,5,3],[0,0,9,6,7,5,12,2],[0,0,9,7,5,2],[0,0,8,6,7,5,2],[0,0,2,8,9,7,10,3],[0,0,2,8,9,7,5,3],[0,0,8,9,6,7,5,10,2],[0,0,2,8,6,7,5,10,3],[0,0,8,6,7,11,5,10,2],[0,0,8,7,10,2],[0,0,4,9,6,5,10,3],[0,0,1,9,6,5,10,3],[0,0,1,8,9,3],[0,0,1,9,6,5,3],[0,0,9,6,7,5,2],[0,0,8,6,7,11,5,2],[9,0,1,6,2,3,4,7,2],[9,0,1,2,3,8,4,5,2],[15,0,1,2,3,4,5,6,2],[10,0,4,2],[16,0,1,2,1],[5,1,0,3,4,3],[12,0,1,2,3,4,5,6,7,8,7],[12,6,7,1],[4,0,8,9,2],[4,0,1,4,5,2,3,8,9,7],[4,0,1,2,3,8,9,5],[4,0,1,2,3,6,8,9,6],[4,0,1,4,5,8,9,5],[17,0,1,2,3,2],[3,0,4,3,6,1,2,7,10,11,8],[3,0,4,5,3,1,2,7,10,11,12,8],[3,0,5,3,6,1,2,10,11,12,7],[3,0,4,5,3,1,2,8,10,11,8],[3,0,5,3,6,1,2,10,11,7],[3,0,4,3,6,1,2,8,10,11,8],[3,0,4,5,3,6,1,2,10,11,8],[3,0,4,5,3,1,2,10,11,12,7],[18,0,1,2,3,4,5,6,7,8,1],[6,1,0,3,7,8,4,3],[6,0,3,5,6,7,8,4,9,10,11,12,2],[6,0,3,5,2],[6,2,3,6,4,2],[7,1,0,3,5,6,4],[7,2,4,5,6,3],[8,1,2],[20,0,1,2,3,4,5],[21,0,1,2,1],[22,0,1,3],[23,0,1,1],[24,0,1,2,3,4,5,6,7,8,1],[25,0,1,2,3,4,5,6,2],[26,0,1],[27,0,1,2,3,4,3],[28,0,1,2,3],[29,0,1],[30,0,1]],[[[[6,"UTMAmbrose","UTMAmbrose.ttf"],-1],0,0,[],[],[]],[[{"name":"btn_red","rect":[0,0,185,70],"offset":[0,0],"originalSize":[185,70],"capInsets":[40,0,40,0]}],[1],0,[0],[2],[8]],[["0,9729,9729,33071,33071,0,0,1",-1],[2],0,[],[],[]],[[[2,"WAITING_LAYOUT"],[11,"WAITING_LAYOUT",[-6,-7],[[7,2,45,-2],[47,-5,-4,-3]],[3,-1],[5,1920,1080],[960,540,0,0,0,0,1,1,1,1]],[27,"faded",140,1,[[14,"faded<Sprite>",1,0,-8,[0],1],[13,2,45,200,150,-9]],[0,"56AAp/XmBDsoDkohrbfaQz",1],[4,4278190080],[5,1920,1080]],[4,"lodingIcon",1,[[49,"lodingIcon<Skeleton>","default","animation",0,false,"animation",-10,[2],3]],[0,"11AcgxNnNOF6fAps4jflfX",1],[5,186.67,187],[-58.132,-152.756,0,0,0,0,1,1,1,1]]],0,[0,3,1,0,0,1,0,8,3,0,9,2,0,0,1,0,-1,2,0,-2,3,0,0,2,0,0,2,0,0,3,0,4,1,10],[0,0,0,0],[-1,1,-1,10],[0,3,4,9]],[[{"name":"bg-popup-big","rect":[0,2,934,648],"offset":[0,-1],"originalSize":[934,650],"capInsets":[0,0,0,0]}],[1],0,[0],[2],[10]],[[{"name":"close-icon","rect":[0,0,65,65],"offset":[0,0],"originalSize":[65,65],"capInsets":[0,0,0,0]}],[1],0,[0],[2],[11]],[[[2,"TOOLTIP_MESSAGE"],[28,"TOOLTIP_MESSAGE",[-6],[[51,1,-2,[5,132.94,64]],[56,true,-5,-4,-3]],[3,-1],[5,132.94,64],[0,0,0]],[43,"Bubble",1,[-10],[[-7,[52,1,1,8,8,8,16,-8,[5,132.94,64]],[53,1,2,8,16,-9,[5,132.94,64]]],1,4,4],[0,"42tG4/1/BIdL8kctIHuMc0",1],[5,132.94,64],[0,0,0]],[45,"Text",2,[-11],[0,"70jPPa6phLS4SEwVf4pOw5",1],[4,4278190080],[5,116.94,40],[66.47,36,0,0,0,0,1,1,1,1]],[57,"HEY MAN !",24,false,1,1,1,2,3,[0]],[48,1,0,2,[1]]],0,[0,3,1,0,0,1,0,11,4,0,12,5,0,0,1,0,-1,2,0,-1,5,0,0,2,0,0,2,0,-1,3,0,-1,4,0,4,1,11],[0,0,4,5],[-1,-1,5,1],[0,0,1,12]],[[[2,"FADED_BACKGROUND_FADED"],[15,"FADED_BACKGROUND_FADED",180,[[14,"FADED_BACKGROUND<Sprite>",1,0,-2,[0],1],[7,2,45,-3]],[3,-1],[4,4278190080],[5,1920,1080],[960,540,0,0,0,0,1,1,1,1]]],0,[0,3,1,0,0,1,0,0,1,0,4,1,3],[0,0],[-1,1],[0,3]],[[{"name":"default_btn_disabled","rect":[0,0,40,40],"offset":[0,0],"originalSize":[40,40],"capInsets":[12,12,12,12]}],[1],0,[0],[2],[13]],[[[2,"TEXT_FLY"],[29,"TEXT_FLY",[-2],[3,-1],[5,272,77]],[30,"content",1,[[58,"AHIHI",32,46,false,1,1,1,-3,[0],1]],[0,"b1Ubr75q1PMoN7drlS+66X",1],[5,83.91,57.96]]],0,[0,3,1,0,-1,2,0,0,2,0,4,1,3],[0,0],[-1,5],[0,1]],[[{"name":"btn_gray","rect":[0,0,185,70],"offset":[0,0],"originalSize":[185,70],"capInsets":[40,0,40,0]}],[1],0,[0],[2],[14]],[["0,9729,9729,33071,33071,0,0,1",-1],[2],0,[],[],[]],[["0,9729,9729,33071,33071,0,0,1",-1],[2],0,[],[],[]],[[{"name":"bg-popup-small","rect":[0,2,658,368],"offset":[0,-1],"originalSize":[658,370],"capInsets":[0,0,0,0]}],[1],0,[0],[2],[15]],[[[2,"POPUP_COMMON"],[11,"POPUP_COMMON",[-12,-13],[[7,0,18,-2],[65,-11,-10,-9,-8,-7,-6,-5,-4,-3]],[3,-1],[5,934,648],[960,540,0,0,0,0,1,1,1,1]],[31,"nSmall",false,1,[-14,-15,-16,-17,-18],[0,"dfJro8tTNB4ZoTfsf30W77",1],[0,316,0,0,0,0,1,1,1,1]],[32,"nBig",false,1,[-19,-20,-21,-22],[0,"45JmGsvWVAC6IKniVgzKxf",1],[5,934,648]],[33,"layout",3,[-24,-25,-26],[[54,1,2,8,100,40,-23,[5,934,423.28]]],[0,"b7NC29vLpFNa8TLFB3yLZ1",1],[5,934,423.28],[0,-42.866,0,0,0,0,1,1,1,1]],[4,"btn_close",2,[[20,2,-27,[4],5],[24,0.9,3,-29,[[9,"f08fe9yX5BCq4keohrUs7Wh","hide",1]],[4,4292269782],-28]],[0,"cb1sN/mThNtJhDEQqj8nnV",1],[5,65,65],[347.071,-161.594,0,0,0,0,1,1,1,0]],[34,"btn_close",false,3,[[20,2,-30,[10],11],[24,0.9,3,-32,[[9,"f08fe9yX5BCq4keohrUs7Wh","hide",1]],[4,4292269782],-31]],[0,"e17li3xfZEmrrvjLPsx73i",1],[5,65,65],[480.626,287.654,0,0,0,0,1,1,1,0]],[35,"title",2,[[59,"NOTIFICATION",60,false,1,1,1,-33,[2],3],[25,true,0,"alert.title_notification",true,"TEXT_KEY",-34,[[5],[1,1],[1,2],[1,3],[1,4]]]],[0,"334WZrag1K96Xx9O1qGchI",1],[4,4281195263],[5,263.59,50.4],[0,-144.814,0,0,0,0,1,1,1,1]],[4,"actions",2,[[22,1,1,20,-35,[5,-20,200]]],[0,"38kZEiU+FAfIqeT/X1I364",1],[5,-20,200],[0,-367.089,0,0,0,0,1,1,1,1]],[12,"content_small",2,[[-36,[26,1,-37,[[5],[1,1],[1,2],[1,3],[1,4]]]],1,4],[0,"97MRfXwWVKFpe67USPl7gi",1],[5,500,40.32],[0.628,-266.466,0,0,0,0,1,1,1,1]],[44,"title",3,[[-38,[25,true,0,"alert.title_notification",true,"TEXT_KEY",-39,[[5],[1,1],[1,2],[1,3],[1,4]]]],1,4],[0,"e8+hFtRwBPfImSSef8e0bl",1],[4,4281195263],[5,263.59,50.4],[0,295,0,0,0,0,1,1,1,1]],[12,"content_big",4,[[-40,[26,1,-41,[[5],[1,1],[1,2],[1,3],[1,4]]]],1,4],[0,"4fdTzb3RJF7bszG+upx8TO",1],[5,800,35.28],[-3.637,186,0,0,0,0,1,1,1,1]],[4,"actions",4,[[22,1,1,20,-42,[5,180,200]]],[0,"dawGqT70hDnKuLMS308NIH",1],[5,180,200],[0,28.360000000000014,0,0,0,0,1,1,1,1]],[4,"nBg",2,[[21,-43,[0],1]],[0,"aftz11p4ZPcbQ+mNomKitN",1],[5,658,368],[0,-300,0,0,0,0,1,1,1,1]],[60,"...",28,32,false,1,1,3,9,[6]],[4,"nBg",3,[[21,-44,[7],8]],[0,"80ra5DeadDtZQ2NYEmYiIp",1],[5,934,648],[0,0.475,0,0,0,0,1,1,1,1]],[61,"NOTIFICATION",60,false,1,1,1,10,[9]],[62,"... ",28,false,1,1,1,3,11,[12]],[36,"nCustomView",4,[0,"2dhH1zjdJFMLCyReMmLWMX",1],[0,-111.63999999999999,0,0,0,0,1,1,1,1]]],0,[0,3,1,0,0,1,0,13,8,0,14,14,0,15,3,0,16,2,0,17,12,0,18,18,0,19,17,0,20,16,0,0,1,0,-1,2,0,-2,3,0,-1,13,0,-2,7,0,-3,5,0,-4,8,0,-5,9,0,-1,15,0,-2,10,0,-3,6,0,-4,4,0,0,4,0,-1,11,0,-2,12,0,-3,18,0,0,5,0,6,5,0,0,5,0,0,6,0,6,6,0,0,6,0,0,7,0,0,7,0,0,8,0,-1,14,0,0,9,0,-1,16,0,0,10,0,-1,17,0,0,11,0,0,12,0,0,13,0,0,15,0,4,1,44],[0,0,0,0,0,0,0,0,0,0,0,0,0,14,16,17],[-1,1,-1,5,-1,1,-1,-1,1,-1,-1,1,-1,5,5,5],[0,16,0,1,0,5,0,0,17,0,0,5,0,1,1,1]],[["0,9729,9729,33071,33071,0,0,1",-1],[2],0,[],[],[]],[["0,9729,9729,33071,33071,0,0,1",-1],[2],0,[],[],[]],[[{"name":"default_panel","rect":[0,0,20,20],"offset":[0,0],"originalSize":[20,20],"capInsets":[6,6,6,6]}],[1],0,[0],[2],[18]],[[[6,"Pattaya","Pattaya.ttf"],-1],0,0,[],[],[]],[[[73,"loadchinh","\nloadchinh.png\nsize: 2048,256\nformat: RGBA8888\nfilter: Linear,Linear\nrepeat: none\nLayer 0\n  rotate: false\n  xy: 2, 3\n  size: 186, 186\n  orig: 186, 186\n  offset: 0, 0\n  index: -1\nLayer 1\n  rotate: false\n  xy: 190, 2\n  size: 172, 187\n  orig: 172, 187\n  offset: 0, 0\n  index: -1\nLayer 2\n  rotate: false\n  xy: 531, 3\n  size: 147, 186\n  orig: 147, 186\n  offset: 0, 0\n  index: -1\nLayer 3\n  rotate: false\n  xy: 957, 2\n  size: 126, 187\n  orig: 126, 187\n  offset: 0, 0\n  index: -1\nLayer 4\n  rotate: false\n  xy: 1085, 2\n  size: 112, 187\n  orig: 112, 187\n  offset: 0, 0\n  index: -1\nLayer 5\n  rotate: false\n  xy: 827, 2\n  size: 128, 187\n  orig: 128, 187\n  offset: 0, 0\n  index: -1\nLayer 6\n  rotate: false\n  xy: 680, 2\n  size: 145, 187\n  orig: 145, 187\n  offset: 0, 0\n  index: -1\nLayer 7\n  rotate: false\n  xy: 364, 2\n  size: 165, 187\n  orig: 165, 187\n  offset: 0, 0\n  index: -1\n",["loadchinh.png"],{"skeleton":{"hash":"zbbLUnq8VZnDjn84hehzllfB2tM","spine":"3.8.99","x":-1.7,"y":14.32,"width":186.67,"height":187},"bones":[{"name":"root"},{"name":"Layer 7","parent":"root","length":52.32,"rotation":65.66,"x":102.98,"y":28.37},{"name":"Layer 6","parent":"root","length":65.34,"rotation":72.82,"x":91.91,"y":28.37},{"name":"Layer 5","parent":"root","length":59.74,"rotation":104.3,"x":83.52,"y":27.24},{"name":"Layer 4","parent":"root","length":56.38,"rotation":92.6,"x":93.28,"y":65.87},{"name":"Layer 3","parent":"root","length":74.25,"rotation":89.01,"x":102.5,"y":87.63},{"name":"Layer 2","parent":"root","length":77.73,"rotation":107.24,"x":119.6,"y":106.83},{"name":"Layer 1","parent":"root","length":87.58,"rotation":116.94,"x":122.85,"y":134.99},{"name":"Layer 0","parent":"root","length":82.56,"rotation":119.74,"x":49.86,"y":94.03}],"slots":[{"name":"Layer 0","bone":"Layer 0","attachment":"Layer 0"},{"name":"Layer 1","bone":"Layer 1","color":"ffffff00","attachment":"Layer 1"},{"name":"Layer 2","bone":"Layer 2","color":"ffffff00","attachment":"Layer 2"},{"name":"Layer 3","bone":"Layer 3","color":"ffffff00","attachment":"Layer 3"},{"name":"Layer 4","bone":"Layer 4","color":"ffffff00","attachment":"Layer 4"},{"name":"Layer 5","bone":"Layer 5","color":"ffffff00","attachment":"Layer 5"},{"name":"Layer 6","bone":"Layer 6","color":"ffffff00","attachment":"Layer 6"},{"name":"Layer 7","bone":"Layer 7","color":"ffffff00","attachment":"Layer 7"}],"skins":[{"name":"default","attachments":{"Layer 0":{"Layer 0":{"x":-8.49,"y":-43.65,"rotation":-119.74,"width":186,"height":186}},"Layer 1":{"Layer 1":{"x":-7,"y":46.19,"rotation":-116.94,"width":172,"height":187}},"Layer 2":{"Layer 2":{"x":15.34,"y":44.4,"rotation":-107.24,"width":147,"height":186}},"Layer 3":{"Layer 3":{"x":19.48,"y":41.55,"rotation":-89.01,"width":126,"height":187}},"Layer 4":{"Layer 4":{"x":43.64,"y":36.18,"rotation":-92.6,"width":112,"height":187}},"Layer 5":{"Layer 5":{"x":82.91,"y":-0.99,"rotation":-104.3,"width":128,"height":187}},"Layer 6":{"Layer 6":{"x":70.39,"y":41.33,"rotation":-72.82,"width":145,"height":187}},"Layer 7":{"Layer 7":{"x":63.31,"y":52.82,"rotation":-65.66,"width":165,"height":187}}}}],"animations":{"animation":{"slots":{"Layer 0":{"color":[{"color":"ffffffff"},{"time":0.1,"color":"ffffff00","curve":"stepped"},{"time":0.4667,"color":"ffffff00"},{"time":0.5333,"color":"ffffffff"},{"time":0.6,"color":"ffffff00","curve":"stepped"},{"time":1,"color":"ffffff00"},{"time":1.0667,"color":"ffffffff"}]},"Layer 1":{"color":[{"color":"ffffff00"},{"time":0.0667,"color":"ffffffff"},{"time":0.1667,"color":"ffffff00","curve":"stepped"},{"time":0.5333,"color":"ffffff00"},{"time":0.6,"color":"ffffffff"},{"time":0.6667,"color":"ffffff00"}]},"Layer 2":{"color":[{"time":0.0667,"color":"ffffff00"},{"time":0.1333,"color":"ffffffff"},{"time":0.2,"color":"ffffff00","curve":"stepped"},{"time":0.6,"color":"ffffff00"},{"time":0.6667,"color":"ffffffff"},{"time":0.7333,"color":"ffffff00"}]},"Layer 3":{"color":[{"time":0.1333,"color":"ffffff00"},{"time":0.2,"color":"ffffffff"},{"time":0.2667,"color":"ffffff00","curve":"stepped"},{"time":0.6667,"color":"ffffff00"},{"time":0.7333,"color":"ffffffff"},{"time":0.8,"color":"ffffff00"}]},"Layer 4":{"color":[{"time":0.2,"color":"ffffff00"},{"time":0.2667,"color":"ffffffff"},{"time":0.3333,"color":"ffffff00","curve":"stepped"},{"time":0.7333,"color":"ffffff00"},{"time":0.8,"color":"ffffffff"},{"time":0.8667,"color":"ffffff00"}]},"Layer 5":{"color":[{"time":0.2667,"color":"ffffff00"},{"time":0.3333,"color":"ffffffff"},{"time":0.4,"color":"ffffff00","curve":"stepped"},{"time":0.8,"color":"ffffff00"},{"time":0.8667,"color":"ffffffff"},{"time":0.9333,"color":"ffffff00"}]},"Layer 6":{"color":[{"time":0.3333,"color":"ffffff00"},{"time":0.4,"color":"ffffffff"},{"time":0.4667,"color":"ffffff00","curve":"stepped"},{"time":0.8667,"color":"ffffff00"},{"time":0.9333,"color":"ffffffff"},{"time":1,"color":"ffffff00"}]},"Layer 7":{"color":[{"time":0.4,"color":"ffffff00"},{"time":0.4667,"color":"ffffffff"},{"time":0.5333,"color":"ffffff00","curve":"stepped"},{"time":0.9333,"color":"ffffff00"},{"time":1,"color":"ffffffff"},{"time":1.0667,"color":"ffffff00"}]}}}}},[0]]],0,0,[0],[-1],[19]],[[{"name":"default_sprite_splash","rect":[0,0,2,2],"offset":[0,0],"originalSize":[2,2],"capInsets":[0,0,0,0]}],[1],0,[0],[2],[20]],[["0,9729,9729,33071,33071,0,0,1",-1],[2],0,[],[],[]],[[[6,"Roboto","Roboto.ttf"],-1],0,0,[],[],[]],[["0,9729,9729,33071,33071,0,0,1",-1],[2],0,[],[],[]],[[[2,"BUTTON_COMMON"],[11,"BUTTON_COMMON",[-7],[[8,1,0,-2,[1],2],[66,1.1,3,-4,[4,4294967295],[4,4294967295],-3],[74,-6,[3,4],-5]],[3,-1],[5,220,70],[0,0,0,0,0,0,1,1,1,0]],[12,"Label",1,[[-8,[70,true,2,true,-9,[[5],[1,1],[1,2],[1,3],[1,4]]]],1,4],[0,"efjRNJZ4dAvZTWoKA6gqC9",1],[5,39.43,37.8],[0,5,0,0,0,0,1,1,1,1]],[63,"OK",30,50,false,1,1,1,2,[0]]],0,[0,3,1,0,0,1,0,6,1,0,0,1,0,21,3,0,0,1,0,-1,2,0,-1,3,0,0,2,0,4,1,9],[0,0,0,0,0,3],[-1,-1,1,-1,-2,5],[0,0,6,6,21,1]],[[[6,"Myanmar","Myanmar.ttf"],-1],0,0,[],[],[]],[["0,9729,9729,33071,33071,0,0,1",-1],[2],0,[],[],[]],[[{"name":"bg-thatbai","rect":[0,0,797,250],"offset":[0,0],"originalSize":[797,250],"capInsets":[0,0,0,0]}],[1],0,[0],[2],[22]],[["0,9729,9729,33071,33071,0,0,1",-1],[2],0,[],[],[]],[["0,9729,9729,33071,33071,0,0,1",-1],[2],0,[],[],[]],[[{"name":"default_btn_pressed","rect":[0,0,40,40],"offset":[0,0],"originalSize":[40,40],"capInsets":[12,12,12,12]}],[1],0,[0],[2],[23]],[["0,9729,9729,33071,33071,0,0,1",-1],[2],0,[],[],[]],[[[75,"MainBuild",null],[37,"Canvas","a5esZu+45LA5mBpvttspPD",[-9,-10,-11,-12,-13],[[76,-1,[5,1920,1080]],[46,45,-2],[77,-3,11,12,13,14,15,16,17,18],[78,"B79_Gold",-7,-6,-5,-4,[20,21,22,23],19],[79,-8]],[5,1920,1080],[960,540,0,0,0,0,1,1,1,1]],[38,"Background",512,[-16],[[8,1,0,-14,[1],2],[13,0,45,100,40,-15]],[5,100,40],[0,0,0,0,0,0,1,1,1,0]],[39,"layer_floating_minigame",512,1,[-17,-18]],[40,"Background",512,[-21],[[8,1,0,-19,[8],9],[13,0,45,100,40,-20]],[5,100,40]],[16,"button",false,3,[2],[[67,3,-22,[[9,"7f69doihNlCKoMdkrMMlnHu","onClicked",1]],[4,4293322470],[4,4291348680],[4,3363338360],2,3,4,5,6]],[5,100,40],[-456.003,-258.023,0,0,0,0,1,1,1,1]],[16,"button copy",false,3,[4],[[68,3,-23,[[9,"7f69doihNlCKoMdkrMMlnHu","onClicked",1]]]],[5,100,40],[-613.24,-336.294,0,0,0,0,1,1,1,0]],[17,"Label",512,4,[[23,"TEXT_KEY",20,false,1,1,1,1,-24,[7]],[71,"TEXT_KEY","TEXT_KEY",-25,[[72,-1],[10,1,-1],[10,2,-1],[10,3,-1],[10,4,-1]]]],[4,4278190080],[5,100,40]],[80,"New Node",false,[1],[0,0,0],[0,0,0,0,0,0,1,1,1,1]],[18,"Main Camera",1,[[81,7,-1,-26]]],[19,"layer_minigames",512,1],[17,"Label",512,2,[[23,"CLICK GAME",20,false,1,1,1,1,-27,[0]]],[4,4278190080],[5,100,40]],[19,"layer_floating_jackpot",512,1],[18,"spine",1,[[50,-28,[10]]]]],0,[0,0,1,0,0,1,0,0,1,0,22,3,0,23,12,0,24,10,0,0,1,0,0,1,0,-1,9,0,-2,10,0,-3,3,0,-4,12,0,-5,13,0,0,2,0,0,2,0,-1,11,0,-1,5,0,-2,6,0,0,4,0,0,4,0,-1,7,0,0,5,0,0,6,0,0,7,0,0,7,0,0,9,0,0,11,0,0,13,0,25,8,1,7,8,2,7,5,4,7,6,28],[0,0,0,0,0,0,0,0,0,0,0,0,0,0,0,0,0,0,0,0,0,0,0,0],[-1,-1,1,26,27,28,29,-1,-1,1,-1,30,31,32,33,34,35,36,37,38,-1,-2,-3,-4],[0,0,2,2,24,2,25,0,0,2,4,26,27,28,29,30,31,32,33,1,7,7,34,35]],[[{"name":"default_btn_normal","rect":[0,0,40,40],"offset":[0,0],"originalSize":[40,40],"capInsets":[12,12,12,12]}],[1],0,[0],[2],[36]],[[[2,"CENTER_NOTIFICATION"],[41,"CENTER_NOTIFICATION",[-5],[[55,1,1,12,12,-2,[5,176.11,64]],[8,1,0,-3,[2],3],[82,-4]],[3,-1],[5,176.11,64]],[42,"content",1,[[64,"Thông báo",32,46,false,1,1,-6,[0],1]],[0,"b1Ubr75q1PMoN7drlS+66X",1],[4,4278763000],[5,152.11,57.96]]],0,[0,3,1,0,0,1,0,0,1,0,0,1,0,-1,2,0,0,2,0,4,1,6],[0,0,0,0],[-1,5,-1,1],[0,1,0,37]],[[[2,"FADED_BACKGROUND"],[15,"FADED_BACKGROUND",120,[[14,"FADED_BACKGROUND<Sprite>",1,0,-2,[0],1],[7,2,45,-3],[69,false,-5,[4,4292269782],-4],[83,-6]],[3,-1],[4,4278190080],[5,1920,1080],[960,540,0,0,0,0,1,1,1,1]]],0,[0,3,1,0,0,1,0,0,1,0,6,1,0,0,1,0,0,1,0,4,1,6],[0,0],[-1,1],[0,3]]]]