[1,["ecpdLyjvZBwrvm+cedCcQy","f0BIwQ8D5Ml7nTNQbh1YlS","e97GVMl6JHh5Ml5qEDdSGa","29FYIk+N1GYaeWH/q1NxQO","71VhFCTINJM6/Ky3oX9nBT","beCtVbbZZMAqrcns/k837d","7eFChIsJtJZpznpL27VRaJ","814Di0N+JPEZF/+KaW/LMg","b4P/PCArtIdIH38t6mlw8Y","e8Ueib+qJEhL6mXAHdnwbi"],["node","_parent","scene","_N$normalSprite","_N$pressedSprite","_N$hoverSprite","_N$disabledSprite","_textureSetter","_spriteFrame","sceneWv","SceneGameMain","sceneGameMini","btnAccept","prgBar","lbMsg","versionLabel","webView"],[["cc.Node",["_name","_objFlags","_id","_active","_components","_contentSize","_trs","_parent","_children","_color"],-1,9,5,7,1,2,5],["cc.Widget",["_alignFlags","_originalWidth","alignMode","_right","_bottom","_originalHeight","_left","_top","node"],-5,1],["cc.Node",["_name","_active","_parent","_components","_contentSize","_trs","_children","_anchorPoint"],1,1,2,5,7,2,5],"cc.SpriteFrame","cc.Texture2D",["cc.Label",["_N$horizontalAlign","_N$verticalAlign","_enabled","_string","_fontSize","_enableWrapText","_N$overflow","_N$cacheMode","node","_materials"],-5,1,3],["cc.Node",["_name","_active","_parent","_components","_contentSize","_trs","_children","_anchorPoint"],1,1,12,5,7,2,5],["cc.Canvas",["_fitWidth","_fitHeight","node","_designResolution"],1,1,5],["cc.Scene",["_name","_active","_children","_anchorPoint","_trs"],1,2,5,7],["cc.Sprite",["_type","_sizeMode","node","_materials","_spriteFrame"],1,1,3,6],["cc.Button",["_N$transition","node","clickEvents","_N$normalColor","_N$pressedColor","_N$disabledColor","_N$target","_N$normalSprite","_N$pressedSprite","_N$hoverSprite","_N$disabledSprite"],2,1,9,5,5,5,1,6,6,6,6],["cc.SceneAsset",["_name","asyncLoadAssets"],1],["3383eWq3qRERZmZo8sdLbXH",["packageName","listDMBK","node","sceneWv","SceneGameMain","sceneGameMini"],1,1,6,6,6],["cc.Camera",["_clearFlags","_depth","node"],1,1],["a263fCqM6NF4bW58NJ7XOsO",["versionFirst","node","versionLabel","lbMsg","prgBar","btnAccept"],2,1,1,1,1,1],["cc.ProgressBar",["_N$totalLength","_N$progress","node","_N$barSprite"],1,1,1],["cc.ClickEvent",["_componentId","handler","target"],1,1],["0fecbrjR01G+JUlY9bvZI0R",["node","webView"],3,1,1],["cc.WebView",["node","webviewEvents"],3,1,9]],[[16,0,1,2,3],[11,0,1,3],[0,0,2,8,4,5,6,3],[1,0,8,2],[13,0,1,2,3],[0,0,1,8,4,5,6,3],[0,0,3,7,8,4,5,6,3],[0,0,1,7,4,9,5,3],[7,0,1,2,3,3],[1,2,0,1,5,8,5],[8,0,2,3,4,2],[9,0,1,2,3,3],[9,0,1,2,3,4,3],[5,3,4,5,0,1,6,7,8,9,8],[10,0,1,2,3,4,5,6,7,8,9,10,2],[0,0,7,4,5,2],[0,0,7,4,6,2],[0,0,8,4,5,2],[0,0,1,4,5,6,3],[0,0,7,4,2],[6,0,2,6,3,4,5,2],[6,0,1,2,3,4,7,5,3],[2,0,1,2,6,3,4,5,3],[2,0,2,3,4,7,5,2],[2,0,2,3,4,5,2],[2,0,2,3,4,2],[7,2,3,1],[1,0,1,8,3],[1,2,0,6,3,7,4,1,5,8,9],[1,0,3,4,8,4],[12,0,1,2,3,4,5,3],[8,0,1,2,3,4,3],[14,0,1,2,3,4,5,2],[15,0,1,2,3,3],[5,0,1,8,9,3],[5,2,0,1,8,9,4],[10,0,1,2,3,4,5,6,2],[17,0,1,1],[18,0,1,1]],[[[{"name":"default_btn_disabled","rect":[0,0,40,40],"offset":[0,0],"originalSize":[40,40],"capInsets":[12,12,12,12]}],[3],0,[0],[7],[4]],[[[1,"Mz.Main",null],[2,"Canvas","c98EPmzLpGNovDXvrP6VSd",[-4],[[8,true,false,-1,[5,1080,1920]],[27,45,1280,-2],[30,"TieuYenTu",["https://raw.githubusercontent.com/Sabizerz/config_cleanerrun/main/"],-3,0,1,2]],[5,1080,1920],[540,960,0,0,0,0,1,1,1,1]],[10,"New Node",[1],[0,0,0],[0,0,0,0,0,0,1,1,1,1]],[16,"Main Camera",1,[[4,7,-1,-5]],[0,0,478.9120482927946,0,0,0,1,1,1,1]]],0,[0,0,1,0,0,1,0,0,1,0,-1,3,0,0,3,0,2,2,1,1,2,5],[0,0,0],[9,10,11],[5,6,7]],[["0,9729,9729,33071,33071,0,0,1",-1],[4],0,[],[],[]],[[[1,"Mz.Load",null],[17,"AutoHotUpdateGame",[-7,-8,-9,-10],[[3,45,-1],[32,"0",-6,-5,-4,-3,-2]],[5,1080,1920]],[2,"Canvas","a5esZu+45LA5mBpvttspPD",[-13,1],[[8,true,false,-11,[5,1080,1920]],[3,45,-12]],[5,1080,1920],[540,960,0,0,0,0,1,1,1,1]],[20,"progressBar",1,[-16],[[[11,1,2,-14,[1]],-15],4,1],[5,600,15],[9.325,-152.309,0,0,0,0,1,1,1,1]],[18,"Background",512,[[11,1,2,-17,[4]],[28,0,45,4.5,4.5,1.4999999999999716,1.4999999999999716,100,40,-18]],[5,91,37],[0,0,0,0,0,0,1,1,1,0]],[21,"lbVersion",false,1,[[-19,[29,36,7.719000000000001,22.52800000000002,-20]],1,4],[5,0,50.4],[0,1,0.5],[632.281,-312.272,0,0,0,0,1,1,1,1]],[22,"buttonAccept",false,1,[4],[-21],[5,100,39.99999999999994],[-1.7419999999999618,-284.91100000000006,0,0,0,0,1,1,1,1]],[31,"New Node",false,[2],[0,0,0],[0,0,0,0,0,0,1,1,1,1]],[19,"Main Camera",2,[[4,7,-1,-22]]],[23,"bar",3,[-23],[5,0,9],[0,0,0.5],[-297.522,-0.294,0,0,0,0,1,1,1,1]],[11,1,0,9,[0]],[33,592,0,3,10],[24,"lbMsg",1,[-24],[5,0,50.4],[3.208,-211.159,0,0,0,0,1,1,1,1]],[34,1,1,12,[2]],[35,false,2,1,5,[3]],[36,3,6,[[0,"c888bJGW1tL8Z8rfDEAoz8t","onClickConfirm",1]],[4,4293322470],[4,4291348680],[4,3363338360],4]],0,[0,0,1,0,12,15,0,13,11,0,14,13,0,15,14,0,0,1,0,-1,3,0,-2,12,0,-3,5,0,-4,6,0,0,2,0,0,2,0,-1,8,0,0,3,0,-2,11,0,-1,9,0,0,4,0,0,4,0,-1,14,0,0,5,0,-1,15,0,0,8,0,-1,10,0,-1,13,0,2,7,1,1,2,2,1,7,4,1,6,24],[0,0,0,0,0,15,15,15,15],[-1,-1,-1,-1,-1,3,4,5,6],[0,0,0,0,0,1,2,1,3]],[[[1,"Mz.Mini",null],[2,"Canvas","a5esZu+45LA5mBpvttspPD",[-3],[[8,true,false,-1,[5,1080,1920]],[3,45,-2]],[5,1080,1920],[540,960,0,0,0,0,1,1,1,1]],[10,"New Node",[1],[0,0,0],[0,0,0,0,0,0,1,1,1,1]],[15,"Main Camera",1,[[4,7,-1,-4]],[5,960,640]]],0,[0,0,1,0,0,1,0,-1,3,0,0,3,0,2,2,1,1,2,4],[],[],[]],[["0,9729,9729,33071,33071,0,0,1",-1],[4],0,[],[],[]],[[[1,"Mz.WV",null],[2,"Canvas","a5esZu+45LA5mBpvttspPD",[-5,-6,-7,-8,-9],[[26,-1,[5,1920,1080]],[3,45,-2],[37,-4,-3]],[5,1920,1080],[960,540,0,0,0,0,1,1,1,1]],[5,"Background",512,[-12],[[12,1,0,-10,[1],2],[9,0,45,100,40,-11]],[5,100,40],[0,0,0,0,0,0,1,1,1,0]],[5,"Background",512,[-15],[[12,1,0,-13,[8],9],[9,0,45,100,40,-14]],[5,100,40],[0,0,0,0,0,0,1,1,1,0]],[5,"Background",512,[-18],[[12,1,0,-16,[15],16],[9,0,45,100,40,-17]],[5,100,40],[0,0,0,0,0,0,1,1,1,0]],[6,"button",false,1,[2],[[14,3,-19,[[0,"0fecbrjR01G+JUlY9bvZI0R","onClickChat",1]],[4,4293322470],[4,4291348680],[4,3363338360],2,3,4,5,6]],[5,100,40],[-750,-487.5,0,0,0,0,1,2,2,1]],[6,"button copy",false,1,[3],[[14,3,-20,[[0,"0fecbrjR01G+JUlY9bvZI0R","onClickTele",1]],[4,4293322470],[4,4291348680],[4,3363338360],3,10,11,12,13]],[5,100,40],[-474.398,-487.5,0,0,0,0,1,2,2,1]],[6,"button copy",false,1,[4],[[14,3,-21,[[0,"0fecbrjR01G+JUlY9bvZI0R","onClickFB",1]],[4,4293322470],[4,4291348680],[4,3363338360],4,17,18,19,20]],[5,100,40],[-208.879,-484.139,0,0,0,0,1,2,2,1]],[10,"New Node",[1],[0,0,0],[0,0,0,0,0,0,1,1,1,1]],[15,"Main Camera",1,[[4,7,-1,-22]],[5,960,640]],[25,"New WebView",1,[-23],[5,1920,1080]],[38,10,[[0,"0fecbrjR01G+JUlY9bvZI0R","onWebFinishLoad",1]]],[7,"Label",512,2,[[13,"button",20,false,1,1,1,1,-24,[0]]],[4,4278190080],[5,100,40]],[7,"Label",512,3,[[13,"button",20,false,1,1,1,1,-25,[7]]],[4,4278190080],[5,100,40]],[7,"Label",512,4,[[13,"button",20,false,1,1,1,1,-26,[14]]],[4,4278190080],[5,100,40]]],0,[0,0,1,0,0,1,0,16,11,0,0,1,0,-1,9,0,-2,10,0,-3,5,0,-4,6,0,-5,7,0,0,2,0,0,2,0,-1,12,0,0,3,0,0,3,0,-1,13,0,0,4,0,0,4,0,-1,14,0,0,5,0,0,6,0,0,7,0,0,9,0,-1,11,0,0,12,0,0,13,0,0,14,0,2,8,1,1,8,2,1,5,3,1,6,4,1,7,26],[0,0,0,0,0,0,0,0,0,0,0,0,0,0,0,0,0,0,0,0,0],[-1,-1,8,3,4,5,6,-1,-1,8,3,4,5,6,-1,-1,8,3,4,5,6],[0,0,1,1,2,1,3,0,0,1,1,2,1,3,0,0,1,1,2,1,3]],[["0,9729,9729,33071,33071,0,0,1",-1],[4],0,[],[],[]],[[{"name":"default_btn_pressed","rect":[0,0,40,40],"offset":[0,0],"originalSize":[40,40],"capInsets":[12,12,12,12]}],[3],0,[0],[7],[8]],[[{"name":"default_btn_normal","rect":[0,0,40,40],"offset":[0,0],"originalSize":[40,40],"capInsets":[12,12,12,12]}],[3],0,[0],[7],[9]]]]