{"paths":{},"types":[],"uuids":["eex1kEZ2FKyrbcuB5MSXVQ","c6QdW436xPmZldEFnmQ755","02lOjtgahKV4BkXcAJYbSg","d14xz2ELRDT53lSjdFEU0Z","9cfv9jAWZPw7q5L0zUQVUX","71VhFCTINJM6/Ky3oX9nBT","e8Ueib+qJEhL6mXAHdnwbi","b4P/PCArtIdIH38t6mlw8Y","d8HsitJHxOYqo801xBk8ev","eaJdVeFjZCSI5lWXsl+tt0","e8eaCY9stMM6nd8cZQYMQ5","09U4jPErJF/LUzqWFd9e3J","c7wVbKTSpLPaoxY6zczqqJ","70p4lrwSpEFqWQG+SECSIn","45LDcQLO5FDJdGptz/S5rH","4b/B+t3CZNG7twbIfFcwA7","ecpdLyjvZBwrvm+cedCcQy","f0BIwQ8D5Ml7nTNQbh1YlS","e97GVMl6JHh5Ml5qEDdSGa","29FYIk+N1GYaeWH/q1NxQO","7a/QZLET9IDreTiBfRn2PD","14KrjoBFRJBJRpa68UP+Py","d1Xd+M+xZKvI4tTAjYL3N1","ff+LVVEVlCp5BZ4lHPaNr8","289FXIPDFGxKtbKRrbWYsI","f9fe1TXIBHH4o+gFbKKPU7","36z3yDWRtLSZTaV3++mktM","59Se7ZyVFLv5l7MqAaYI7d","24C8djQ5dBBZrN7fl+/cnk","9bvaMerUlDyary99mJa6xp","9cnvNQFKtDwos64aycb4Zy","04m9kSMrFKAaVfC+N/0MB+","3d8nMob59EDI8hOpkCW3w5","e6hIa+31NI0JfLhbAc36s8","57oCaVqKdOJJihWs1Jqrt0","1eiGstbfBJSJBcCqgzGWd8","18cmHebbNO8Kh67WKoCsuH","a2MjXRFdtLlYQ5ouAFv/+R","02delMVqdBD70a/HSD99FK"],"scenes":{"db://assets/MainBuild.fire":0},"redirect":[16,0,20,0,38,0],"deps":["internal"],"packs":{"03eb588a8":[2,31,11,21,36,35,28,24,19,26,32,14,15,34,27,13,5,29,4,30,37,7,1,12,22,3,8,33,6,10,18,9,0,17,25,23]},"name":"main","importBase":"import","nativeBase":"native","debug":false,"isZip":false,"encrypted":false,"versions":{"import":["03eb588a8","b1a6f"],"native":[2,"788d2",11,"b7a18",14,"b33d7",15,"49c21",13,"0e121",5,"c06a9",4,"c0308",7,"83fcc",1,"3e1af",12,"e9f35",3,"fede9",8,"cdbc9",6,"90cf4",10,"ee3cf",9,"cc46b"]}}